{
  "add_q_proj": [
    2.5999488928937735,
    2.3158258806771532,
    1.9284558893408208,
    2.248428809924085,
    2.0611699799349674,
    2.0094832222917924,
    2.0102080294794806,
    2.077815463536452,
    1.949179970007238,
    1.701294693216118,
    1.940968194271591,
    1.876558986221188,
    1.843055116676188,
    1.740705227125789,
    1.7284729994574728,
    1.8506314631789393,
    1.9050651401296645,
    2.042699768797096,
    1.6561858385388573,
    2.039402679758617,
    1.970070603210893,
    1.8848291138635838,
    2.0508232523857366,
    1.0120001766935385
  ],
  "add_k_proj": [
    2.073985001035937,
    3.167148474301867,
    2.0258426187882415,
    2.5051756353583365,
    2.0862483916293066,
    1.9033320526606365,
    1.7215316369332492,
    1.8148748827292112,
    1.683347274524714,
    1.4143912064470716,
    1.6270582851453559,
    1.610107121952321,
    1.6503513977579745,
    1.517270806787262,
    1.5713040847154063,
    1.7398731449016824,
    1.6498715432955182,
    1.7180633396534901,
    1.646737135865726,
    1.7533949919197758,
    3.1733701285560487,
    2.7426890667749073,
    4.083664714822156,
    2.062713258754638
  ],
  "add_v_proj": [
    1.3523301137925525,
    1.9273793002115764,
    1.4981176508142022,
    1.8813764199476048,
    1.6500645090957582,
    1.8487019975735792,
    1.6399089584712379,
    1.5929690695121,
    1.4499008920688317,
    1.3128379373062353,
    1.3807701082360793,
    1.1982824751941323,
    1.2738112209346886,
    1.2937904823014539,
    1.2751997988167834,
    1.3149283654315613,
    1.1809012884301529,
    1.2820186618219758,
    1.2800234528864536,
    1.1881636939426896,
    1.4092403187463962,
    1.299080140231898,
    1.2486311225019484,
    1.1829222204145433
  ],
  "to_q": [
    4.368223591407866,
    3.9880487304436034,
    2.2331183085841873,
    3.692496864241029,
    1.9854682773772165,
    1.5360101179321548,
    1.760840275657628,
    1.517784466403758,
    1.5410903624106702,
    1.5656452388637612,
    1.4211317547704103,
    1.621893978926393,
    1.6962614783700432,
    1.511444922778072,
    1.5385097025874963,
    1.38080806182425,
    1.5609538859163383,
    1.7407778336444093,
    1.5439083224121968,
    1.9450441685875695,
    1.6309408517988928,
    1.715351386188009,
    2.803315993689299,
    1.914789133517604
  ],
  "to_k": [
    3.530301779895372,
    3.00948488354005,
    2.3461166138369873,
    3.544156535056543,
    2.20058651860455,
    1.875757099633966,
    2.008854275880555,
    2.1877277842756038,
    1.9575962417387687,
    1.9146755040452936,
    2.0065139961996334,
    2.0312828503390787,
    2.5343557535480414,
    1.7481899277256816,
    2.0390743786258616,
    1.8502151743658377,
    2.140404723746257,
    3.494776299730571,
    2.0303101172591345,
    3.8421258168543857,
    3.051009095908313,
    3.0644015292160285,
    4.551459998998319,
    2.6988579535568755
  ],
  "to_v": [
    2.3653399322694653,
    1.2188743460829194,
    1.5600207660871965,
    0.9266837536632557,
    1.3309989019269182,
    1.1490252663416158,
    1.0906094016787766,
    1.0813214665266293,
    1.2016629597540487,
    1.1013855944860709,
    0.8086651432138766,
    0.8222523041872986,
    0.5376602224652355,
    1.0382410697432602,
    0.9956344721981603,
    0.9030231682920548,
    0.6813846175284296,
    0.4685683635160666,
    0.8394820750659211,
    0.5901745773790663,
    0.7358365753447347,
    0.6282963705133745,
    0.6798678658188754,
    0.8581443543284598
  ]
}